feature,subject_sensitivity,family
ankle_acc_grav_mag_std,0.34001083898104306,physics
arm_acc_grav_mag_std,0.3695912681888713,physics
chest_acc_grav_mag_std,0.38300346784354306,physics
ankle_acc_tilt_std,0.49726576710117737,physics
chest_acc_tilt_std,0.5139010714707107,physics
arm_acc_tilt_std,0.5210151935481346,physics
ankle_az_range,0.5579065522286407,stat
ankle_ax_range,0.6096622596755905,stat
ankle_ay_range,0.6192536919252342,stat
ankle_gyro_angmot_std,0.62157318547663,physics
arm_acc_grav_mag_mean,0.6473065430420599,physics
ankle_acc_body_mag_std,0.6485184019542585,physics
ankle_ay_min,0.6617252856710811,stat
ankle_gyro_dgyro_energy,0.6654553642629334,physics
ankle_acc_jerk_z_std,0.6656962628384053,physics
ankle_gyro_dgyro_mag_std,0.667758051482365,physics
ankle_gyro_dgyro_mag_mean,0.6686244858512808,physics
ankle_gyro_dgyro_x_std,0.6749473144093939,physics
ankle_gyro_dgyro_z_std,0.6776108140702349,physics
arm_gy_range,0.6926617325089014,stat
arm_gyro_dgyro_energy,0.6960072007922468,physics
ankle_acc_jerk_mag_std,0.6964370662419294,physics
arm_az_range,0.6974510133850712,stat
arm_gyro_dgyro_y_std,0.7014177784813382,physics
arm_ax_range,0.7019954959145777,stat
ankle_gyro_dgyro_y_std,0.7072118343309501,physics
chest_acc_grav_mag_mean,0.7083489058017806,physics
ankle_acc_body_mag_energy,0.709574029591351,physics
ankle_az_max,0.7119861563283111,stat
arm_gz_range,0.715086436999422,stat
arm_gyro_dgyro_mag_std,0.7164264420817057,physics
arm_gy_std,0.7177884784018559,stat
arm_gx_range,0.7198991411618332,stat
arm_gyro_dgyro_z_std,0.7236877469741043,physics
arm_gyro_dgyro_x_std,0.7241111799849457,physics
ankle_acc_jerk_energy,0.7258633252327775,physics
arm_gyro_angmot_std,0.7262718565260425,physics
ankle_acc_jerk_x_std,0.728523282802754,physics
arm_gyro_dgyro_mag_mean,0.7291571148366219,physics
arm_acc_body_mag_std,0.7321700688381241,physics
ankle_az_std,0.7327305140475437,stat
ankle_gz_range,0.7360265821497056,stat
arm_gz_std,0.7402883527773798,stat
ankle_gx_range,0.7416572406706713,stat
ankle_gz_std,0.7417718942271999,stat
arm_gx_std,0.7453296347741752,stat
arm_ay_range,0.7483243519154138,stat
chest_acc_body_mag_std,0.749550248940137,physics
ankle_ay_max,0.7511110487612976,stat
ankle_gy_range,0.751382784485982,stat
ankle_ay_std,0.7529899184519927,stat
ankle_gx_std,0.7530442019360509,stat
arm_acc_jerk_mag_std,0.7540440083542238,physics
ankle_acc_jerk_y_std,0.7540794307756854,physics
ankle_ax_std,0.7573450430591365,stat
ankle_acc_body_mag_mean,0.7577677757368537,physics
ankle_ax_max,0.7628030715458064,stat
arm_acc_jerk_x_std,0.7637101881776932,physics
chest_ax_range,0.7650039078464755,stat
chest_ay_range,0.7733705224396878,stat
ankle_az_min,0.7778293750100923,stat
ankle_gy_std,0.7783674472829785,stat
arm_acc_jerk_energy,0.7803367883002378,physics
ankle_acc_grav_mag_mean,0.7825541327942407,physics
arm_ax_std,0.7912251256645854,stat
arm_acc_jerk_z_std,0.7917921745078095,physics
chest_ax_min,0.7924630819631097,stat
arm_az_std,0.7927657214646117,stat
ankle_acc_jerk_mag_mean,0.800701836839953,physics
ankle_ax_min,0.8038986744062889,stat
arm_ax_max,0.8048641958033098,stat
chest_az_range,0.8105414477067038,stat
arm_acc_body_mag_energy,0.8167395648705087,physics
arm_ay_min,0.8195151298647495,stat
arm_ay_max,0.8249705956872093,stat
arm_ay_std,0.8250891667422673,stat
arm_ay_q75,0.8251970001937331,stat
chest_acc_jerk_mag_std,0.8258927324428322,physics
chest_acc_jerk_y_std,0.8267360930423017,physics
arm_acc_jerk_y_std,0.8334587561795521,physics
chest_acc_body_mag_energy,0.839847992760245,physics
chest_acc_jerk_x_std,0.8509467526399345,physics
arm_gyro_sma,0.8517944233325571,physics
arm_acc_body_mag_mean,0.8518454215819845,physics
arm_acc_jerk_mag_mean,0.8531981909409504,physics
arm_az_max,0.8543248064676384,stat
arm_ay_median,0.8573255256686343,stat
chest_ay_std,0.8577015630122585,stat
arm_ay_mean,0.859211671616126,stat
arm_az_min,0.8608305315451523,stat
chest_ax_std,0.8609897187366853,stat
arm_ax_min,0.8622008328638976,stat
ankle_ay_q25,0.8641141998459028,stat
chest_ax_max,0.8649967438672199,stat
chest_acc_body_mag_mean,0.8678415044265292,physics
chest_ay_min,0.8684419747546741,stat
chest_acc_jerk_energy,0.8685451580384465,physics
ankle_ay_q75,0.8794405433428577,stat
chest_acc_jerk_z_std,0.881866784302392,physics
chest_ay_max,0.8837273441683946,stat
ankle_ay_median,0.8868528381576667,stat
chest_ax_q25,0.8915669570223083,stat
chest_acc_jerk_mag_mean,0.8948351111731773,physics
chest_az_std,0.895782973778973,stat
arm_gyro_angmot_energy,0.8976317804614459,physics
ankle_gy_median,0.8981172037438957,stat
arm_gyro_angmot_mean,0.8991118366355688,physics
chest_ax_median,0.900551578524787,stat
arm_gy_min,0.9011217442496999,stat
arm_gy_q25,0.904292091874492,stat
arm_ay_q25,0.9054817543450557,stat
ankle_gy_q25,0.9055836862842471,stat
ankle_gy_min,0.9057345484462241,stat
arm_ay_rms,0.9064969119057268,stat
ankle_gyro_sma,0.9082623882920563,physics
ankle_ay_rms,0.9090934293441464,stat
arm_gx_max,0.9114749534091192,stat
arm_gy_median,0.9118402973988181,stat
ankle_az_rms,0.9137229715894533,stat
ankle_gy_rms,0.9140742259880184,stat
ankle_ay_mean,0.9150535498560562,stat
arm_gy_rms,0.916882763699538,stat
arm_acc_sma,0.9171415074925978,physics
ankle_gy_mean,0.9179922703916619,stat
arm_gy_mean,0.92035643708852,stat
chest_ax_q75,0.9209185422335985,stat
arm_az_rms,0.9223461459140389,stat
ankle_gz_min,0.9225182580481156,stat
chest_ax_rms,0.9232546328506798,stat
arm_ax_q75,0.9234391797266892,stat
ankle_gyro_angmot_mean,0.9234537049477534,physics
ankle_az_q25,0.9250608332556443,stat
arm_gy_max,0.9254293025710311,stat
ankle_gx_max,0.925890801635196,stat
ankle_gyro_angmot_energy,0.925967524483974,physics
chest_ax_mean,0.9264543407386153,stat
ankle_acc_tilt_mean,0.9265335647970052,physics
chest_az_median,0.9268756188941764,stat
arm_ax_median,0.9280638217250138,stat
arm_gy_q75,0.9285760957897179,stat
arm_gz_max,0.9286963855061833,stat
ankle_gz_q25,0.929099252241601,stat
chest_az_min,0.9310755028697949,stat
ankle_gz_median,0.9311653709675131,stat
ankle_acc_sma,0.9314108463978119,physics
arm_gx_q75,0.9329228429439759,stat
chest_ay_median,0.9340597214429672,stat
arm_gx_rms,0.9347249740038813,stat
ankle_gz_mean,0.9353852785724085,stat
ankle_gy_q75,0.935767018719389,stat
chest_acc_sma,0.9357732073827533,physics
chest_ay_q75,0.9359742521862744,stat
arm_ax_rms,0.9367488426904936,stat
ankle_az_median,0.938055613716334,stat
arm_gx_min,0.9383637437832587,stat
ankle_gz_q75,0.9390368727520713,stat
arm_az_q75,0.9391354244701908,stat
arm_gx_median,0.940266752989404,stat
ankle_gz_rms,0.9408965024596548,stat
arm_gz_q75,0.9423474838115578,stat
ankle_gx_q75,0.9426017301720199,stat
arm_gx_mean,0.9430828938502877,stat
arm_az_median,0.9431874497059586,stat
ankle_az_q75,0.9432351420534704,stat
arm_ax_q25,0.943619718982514,stat
arm_gz_q25,0.9441732750320327,stat
chest_ay_q25,0.9447494862310052,stat
arm_gz_rms,0.9466112263573327,stat
arm_gx_q25,0.9466461448658157,stat
arm_gz_median,0.946702536715021,stat
ankle_gy_max,0.9478589172952826,stat
arm_az_q25,0.9493327897224261,stat
ankle_az_mean,0.9494379042138233,stat
chest_az_max,0.9494432968473973,stat
arm_acc_tilt_mean,0.950459368072133,physics
arm_gz_mean,0.9506428083562847,stat
chest_ay_rms,0.9506585580036556,stat
chest_ay_mean,0.9533795307652202,stat
arm_ax_mean,0.9539553209133991,stat
ankle_gx_median,0.9545792226105934,stat
ankle_gx_rms,0.955474751344419,stat
ankle_gz_max,0.9556351987331735,stat
arm_az_mean,0.9580066687439396,stat
ankle_gx_mean,0.958719350614345,stat
chest_az_mean,0.9603113957603658,stat
ankle_ax_rms,0.9605671328511979,stat
chest_az_rms,0.9607346037494165,stat
ankle_ax_q75,0.9609356301448573,stat
chest_acc_tilt_mean,0.9614318163574218,physics
arm_gz_min,0.9632950946870799,stat
chest_az_q75,0.9640658799617143,stat
ankle_gx_q25,0.9663876092444584,stat
ankle_gx_min,0.9719329736413438,stat
ankle_ax_median,0.9754593792380769,stat
chest_az_q25,0.9807043781423598,stat
ankle_ax_q25,0.9808553072409781,stat
ankle_ax_mean,0.9891087842187026,stat
